,product_name,product_full_price,product_off_price,product_discount,shop_loc,shop_name,avg_rating,sold,sold_is_more,category_name
0,"Xiaomi Redmi Watch 4 Layar AMOLED 1,97"" ultra-lebar",1118750,0,0,Jakarta Barat,Golden Mouse,0.0,0,0,Wearable Device
1,Xiaomi Watch S3 Smartwatch - Garansi Resmi Xiaomi Indonesia,1789000,1759000,30000,Jakarta Selatan,GeekyTech Official,5.0,17 ,0,Wearable Device
2,"Xiaomi Mi Watch S3 Smartwatch 1.43"" AMOLED - Garansi Resmi",3599000,1699000,1900000,Jakarta Utara,Oriloka Shop,5.0,50,1,Wearable Device
3,Ringke Xiaomi Mi Watch Bezel Styling Stainless Steel Anti Crack Slim,225000,188850,36150,Jakarta Utara,Official Ringke Partner,4.9,22 ,0,Wearable Device
4,Xiaomi Mi Watch 2 Pro Smartwatch Snapdragon W5+ Gen1 - Garansi Resmi,7999000,2969000,5030000,Jakarta Utara,Oriloka Shop,4.9,80,1,Wearable Device
5,Xiaomi Smart Band 8 Pro Garansi Resmi,782000,0,0,Bandung,Antaboga Phone,0.0,0,0,Wearable Device
6,Xiaomi Buds 3 Pro Garansi Resmi,410000,0,0,Jakarta Selatan,Ini Toko Budi,0.0,0,0,Wearable Device
7,Silicone Case Cover Xiaomi RedMi Buds 5 - Carabiner - Free Keychain Soft Cover Casing TWS Shock Proof,65000,64350,650,Bandung,Logay Accessories,0.0,0,0,Wearable Device
8,"Xiaomi Redmi Watch 4 Layar AMOLED 1,97"" ultra-lebar",1118750,0,0,Jakarta Barat,Twins Computer,0.0,0,0,Wearable Device
9,"Xiaomi Mi Watch S3 Bluetooth 5.2 Smart Watch 1.43"" AMOLED",1673250,0,0,Jakarta Barat,Twins Computer,0.0,0,0,Wearable Device
10,Xiaomi Mi Watch Lite Fitness Smartwatch - 11 Mode Olahraga ORIGINAL,803500,0,0,Surabaya,Gaming Plus Store,0.0,0,0,Wearable Device
11,"Xiaomi Mi Smart Band 6 Layar 1,56"" Amoled Smartwatch - ORIGINAL",563000,0,0,Surabaya,Gaming Plus Store,0.0,0,0,Wearable Device
12,Ringke Xiaomi Mi Watch Bezel Styling Stainless Steel Anti Crack Slim,293000,188850,104150,Jakarta Utara,Official Store Ringke,0.0,0,0,Wearable Device
13,Ringke Xiaomi Watch S1 46.5mm Tempered Glass Bezel Styling Anti Gores,117000,75000,42000,Jakarta Utara,Official Store Ringke,0.0,0,0,Wearable Device
14,LP HD Tempered Glass Xiaomi Watch S3 - Anti Gores Layar Kaca Screen Guard Fit Cover Protector Clear,55000,54450,550,Bandung,Logay Accessories,0.0,0,0,Wearable Device
15,Xiaomi Mi Watch 2 Smartwatch Snapdragon W5+ Gen1 ,2320500,0,0,Jakarta Barat,Golden Mouse,0.0,0,0,Wearable Device
16,Xiaomi Mi Watch 2 Smartwatch Snapdragon W5+ Gen1 - Garansi Resmi,6499000,2369000,4130000,Jakarta Utara,Oriloka Shop,5.0,70,1,Wearable Device
17,Ringke Xiaomi Mi Watch Bezel Styling Silver Stainless Steel Anti Crack,225000,188850,36150,Jakarta Utara,showcasefever,5.0,4 ,0,Wearable Device
18,Strap Gradation Color Transparent/Clear Rubber For XIAOMI Mi Band 5,50000,25000,25000,Jakarta Utara,Cubus_Co_ID,4.9,100,1,Wearable Device
19,"Xiaomi Redmi Watch 4 Layar AMOLED 1,97"" ultra-lebar",1118750,0,0,Jakarta Barat,Twins Computer,0.0,0,0,Wearable Device
20,Hard 2 in 1 Case n Tempered Glass Xiaomi Watch S3 - Full Casing Clear Screen Cover Protector Fit Shock Proof,75000,74250,750,Bandung,Logay Accessories,0.0,0,0,Wearable Device
21,Full TPU Case Xiaomi Watch S3 - Full Casing Clear Screen Cover Protector Fit Shock Proof,65000,64350,650,Bandung,Logay Accessories,0.0,0,0,Wearable Device
22,Xiaomi Mi Watch 2 Smartwatch Snapdragon W5+ Gen1 ,2320500,0,0,Jakarta Barat,Golden Mouse,0.0,0,0,Wearable Device
23,Xiaomi Redmi Watch 3 Active Smartwatch Microphone Built-In Garansi Resmi,699000,420000,279000,Jakarta Pusat,Digitalisme,0.0,0,0,Wearable Device
24,Xiaomi Mi Watch 2 Smartwatch Snapdragon W5+ Gen1 ,2320500,0,0,Jakarta Barat,Cemara Mas Indah,0.0,0,0,Wearable Device
25,Xiaomi Mi Watch 2 Smartwatch Snapdragon W5+ Gen1 ,2320500,0,0,Jakarta Barat,Aquarius Official,0.0,0,0,Wearable Device
26,"Xiaomi Redmi Watch 4 Layar AMOLED 1,97"" ultra-lebar",1118750,0,0,Jakarta Barat,Cemara Mas Indah,5.0,1 ,0,Wearable Device
27,"Xiaomi Mi Watch S3 Bluetooth 5.2 Smart Watch 1.43"" AMOLED",1673250,0,0,Jakarta Barat,Cemara Mas Indah,0.0,0,0,Wearable Device
28,Xiaomi Smart Band 8 Pro AMOLED Display,752000,0,0,Jakarta Barat,Twins Computer,5.0,2 ,0,Wearable Device
29,Xiaomi Smart Band 8 Pro AMOLED Display,752000,0,0,Jakarta Barat,Cemara Mas Indah,0.0,0,0,Wearable Device
30,"Xiaomi Redmi Watch 4 Layar AMOLED 1,97"" ultra-lebar",1118750,0,0,Jakarta Barat,Golden Mouse,0.0,0,0,Wearable Device
31,"Xiaomi Mi Watch S3 Bluetooth 5.2 Smart Watch 1.43"" AMOLED",1673250,0,0,Jakarta Barat,Golden Mouse,0.0,0,0,Wearable Device
32,Xiaomi Smart Band 8 Pro AMOLED Display,752000,0,0,Jakarta Barat,Golden Mouse,0.0,0,0,Wearable Device
33,Xiaomi Mi Band 8 Pro Smart Band Garansi Resmi,868000,0,0,Jakarta Pusat,Gudang-HP,0.0,0,0,Wearable Device
34,"Xiaomi Redmi Watch 4 Layar AMOLED 1,97"" ultra-lebar",1118750,0,0,Jakarta Barat,Aquarius Official,5.0,1 ,0,Wearable Device
35,"Xiaomi Mi Watch S3 Bluetooth 5.2 Smart Watch 1.43"" AMOLED",1673250,0,0,Jakarta Barat,Aquarius Official,0.0,3 ,0,Wearable Device
36,Xiaomi Smart Band 8 Pro AMOLED Display,752000,0,0,Jakarta Barat,Aquarius Official,0.0,0,0,Wearable Device
37,Xiaomi Smart Band 8 Pro Resmi,799000,0,0,Semarang,Hape Joss,0.0,0,0,Wearable Device
38,Xiaomi Smart Band 8 Active,899000,0,0,Jakarta Pusat,OKESHOP,0.0,0,0,Wearable Device
39,"Xiaomi Watch 2 Mi Smartwatch versi Global, layar AMOLED 1.43"" 32GB Qualcomm Snapdragon W5",2389000,2338000,51000,Jakarta Utara,Xiaovv Official Store,0.0,0,0,Wearable Device
40,Xiaomi Watch 2 Smartwatch Jam Pintar Snapdragon 1.43 Inch AMOLED Wear OS ,2499000,2369000,130000,Jakarta Utara,ST-Toms.co,0.0,0,0,Wearable Device
41,"Xiaomi Watch 2 Pro 2Pro Smart Watch Jam Tangan Pintar AMOLED 1,43"" Wear OS GPS Fitness Tracker 5 ATM SP02",3199000,2959000,240000,Jakarta Utara,ST-Toms.co,0.0,0,0,Wearable Device
42,Xiaomi Mi Watch 2 Smartwatch Snapdragon W5+ Gen1 - Garansi Resmi,6499000,2369000,4130000,Jakarta Utara,Inovtek Sentra Global,0.0,0,0,Wearable Device
43,"Xiaomi Watch 2 1,43'' inch AMOLED Display with Snapdragon and OS Google",4998000,2499000,2499000,Jakarta Barat,HangOn Official Store,0.0,0,0,Wearable Device
44,"Xiaomi Watch S3 Layar AMOLED 1,43""",1684000,0,0,Jakarta Pusat,Mitra Ecomm,0.0,0,0,Wearable Device
45,"Smart Watch Xiaomi S3 Layar AMOLED 1,43""",1684000,0,0,Surabaya,Surya Mitra Online,5.0,1 ,0,Wearable Device
46,"Xiaomi Watch S3 Layar AMOLED 1,43""",1684000,0,0,Surabaya,Gaming Plus Store,5.0,2 ,0,Wearable Device
47,Silicone Case Cover Xiaomi RedMi Buds 5 Pro - Carabiner - Soft Cover Casing with Keychain Free Shock Proof Black Blue Green,65000,64350,650,Bandung,Logay Accessories,0.0,2 ,0,Wearable Device
48,Xiaomi Watch 2 Smartwatch 1.43 inch AMOLED Qualcomm Snapdragon® W5+ Gen 1 5ATM,2485000,0,0,Jakarta Utara,venus mobile,0.0,0,0,Wearable Device
49,Xiaomi Redmi Watch 3 Active Display 1.83 Inci Garansi Resmi,499000,0,0,Bandung,Rajaponsel Official,0.0,0,0,Wearable Device
50,Xiaomi Mi Watch 2 Smartwatch Snapdragon W5+ Gen1 - Garansi Resmi,6499000,2369000,4130000,Jakarta Utara,Oriloka Shop,5.0,70,1,Wearable Device
51,Xiaomi Mi Band 8 Pro / Smart Band 8 Pro 8Pro Amoled Garansi Resmi,759000,0,0,Bekasi,Angel Phone Shop,0.0,2 ,0,Wearable Device
52,Xiaomi Mi Band 8 Pro / Smart Band 8 Pro 8Pro Amoled Garansi Resmi,759000,0,0,Bekasi,PREMIUM OFFICIAL STORE,0.0,0,0,Wearable Device
53,Xiaomi Mi Band 8 Pro / Smart Band 8 Pro 8Pro Amoled Garansi Resmi,759000,0,0,Bekasi,Shadow Gold,0.0,0,0,Wearable Device
54,Xiaomi Redmi Watch 3 Active Tahan Air 5ATM Garansi Resmi,449000,0,0,Bekasi,Angel Phone Shop,0.0,0,0,Wearable Device
55,Xiaomi Redmi Watch 3 Active Tahan Air 5ATM Garansi Resmi,449000,0,0,Bekasi,PREMIUM OFFICIAL STORE,5.0,1 ,0,Wearable Device
56,Xiaomi Redmi Watch 3 Active Tahan Air 5ATM Garansi Resmi,449000,0,0,Bekasi,Shadow Gold,0.0,0,0,Wearable Device
57,Xiaomi Redmi Watch 4 Garansi Resmi,1159000,0,0,Bekasi,Angel Phone Shop,0.0,0,0,Wearable Device
58,Xiaomi Redmi Watch 4 Garansi Resmi,1159000,0,0,Bekasi,PREMIUM OFFICIAL STORE,0.0,0,0,Wearable Device
59,Xiaomi Redmi Watch 4 Garansi Resmi,1159000,0,0,Bekasi,Shadow Gold,0.0,0,0,Wearable Device
60,"Xiaomi Smart band 8 Pro 1.74"" AMOLED Display 5ATM built-in GNSS Miband",775000,0,0,Jakarta Utara,venus mobile,0.0,0,0,Wearable Device
61,Xiaomi Smart Band 8 Pro Garansi Resmi Original Smart Watch 5ATM water resistance AMOLED display,799000,0,0,Denpasar,Diamond Handphone Bali,5.0,2 ,0,Wearable Device
62,"Xiaomi Mi Redmi Smart Watch 2 Amoled 1.43"" 5 ATM Wireless Bluetooth Garansi Resmi",2350000,0,0,Jakarta Pusat,Multifungsi,0.0,0,0,Wearable Device
63,"Xiaomi Mi Redmi Smart Watch 2 Amoled 1.43"" 5 ATM Wireless Bluetooth Garansi Resmi",2350000,0,0,Jakarta Pusat,Multifungsi Online,0.0,0,0,Wearable Device
64,"Xiaomi Watch S3 Smartwatch 1.43"" AMOLED",1669000,0,0,Jakarta Pusat,Indokom Store,0.0,1 ,0,Wearable Device
65,"Xiaomi Mi Redmi Smart Band 8 Pro 1.74"" Amoled 5 ATM Wireless Bluetooth Garansi Resmi",745000,0,0,Jakarta Pusat,Multifungsi,5.0,2 ,0,Wearable Device
66,"Xiaomi Mi Redmi Smart Band 8 Pro 1.74"" Amoled 5 ATM Wireless Bluetooth Garansi Resmi",745000,0,0,Jakarta Pusat,Multifungsi Online,0.0,0,0,Wearable Device
67,Xiaomi Watch S3,1659000,0,0,Jakarta Pusat,MII Store,5.0,7 ,0,Wearable Device
68,"Xiaomi Smart Band 8 Pro Layar AMOLED 1,74"" 5 ATM 289mAh -Garansi Resmi",799000,0,0,Denpasar,Doran Gadget Bali,0.0,0,0,Wearable Device
69,"Xiaomi Smart Band 8 Pro Layar AMOLED 1,74"" 5 ATM 289mAh -Garansi Resmi",799000,0,0,Jakarta Pusat,Doran Gadget Makassar,0.0,1 ,0,Wearable Device
70,"Xiaomi Redmi Watch 4 Layar AMOLED 1,97"" ultra-lebar",1118750,0,0,Jakarta Barat,Twins Computer,0.0,0,0,Wearable Device
71,Ringke Xiaomi Mi Watch Bezel Styling Black Stainless Steel Anti Crack,293000,188850,104150,Jakarta Utara,Ringke Surabaya,0.0,0,0,Wearable Device
72,Xiaomi Smart Band 8 Pro AMOLED Display,752000,0,0,Jakarta Barat,Twins Computer,5.0,2 ,0,Wearable Device
73,Silicone Strap Tali Jam Silikon Rubber u/ Xiaomi Mi Redmi Watch 2 Lite,30000,19900,10100,Jakarta Barat,HOP Market,4.9,6rb,1,Wearable Device
74,Ringke Xiaomi Mi Watch Bezel Styling Black Stainless Steel Anti Crack,225000,188850,36150,Jakarta Utara,showcasefever,5.0,3 ,0,Wearable Device
75,Xiaomi Watch 2,2499000,2349000,150000,Jakarta Pusat,MII Store,5.0,1 ,0,Wearable Device
76,Xiaomi Watch S3 AMOLED 5Atm New garansi resmi,1775000,0,0,Bekasi,Ori Selular,0.0,0,0,Wearable Device
77,Tempered Glass Camera Hybrid for Xiaomi 12 Pro Anti Gores Kamera,200000,25500,174500,Surabaya,Glass Pro Indonesia,0.0,1 ,0,Wearable Device
78,TPU Case Xiaomi Redmi Buds 4 Pro Case Redmi Buds 5 Pro Soft Case,70000,0,0,Jakarta Utara,Simplecasestore,5.0,5 ,0,Wearable Device
79,Redmi Buds 4 Pro Redmi Buds 5 Pro Xiaomi Redmi Buds 4 TPU Clear Case,70000,0,0,Jakarta Utara,Cafele Official Store,0.0,1 ,0,Wearable Device
80,Xiaomi Redmi Watch 4 [Garansi Resmi Xiaomi],1199000,0,0,Jakarta Timur,Planet Gadget,5.0,3 ,0,Wearable Device
81,"Xiaomi Watch S3 | Layar AMOLED 1,43"" [Garansi Resmi Xiaomi]",1799000,0,0,Jakarta Timur,Planet Gadget,0.0,0,0,Wearable Device
82,"Xiaomi Watch 2 Layar AMOLED 1,43"" Snapdragon W5+ Gen 1",2379000,0,0,Jakarta Pusat,Indokom Store,0.0,0,0,Wearable Device
83,Xiaomi Smart Band 8 Pro Black Grey Garansi Resmi Indonesia,899000,742000,157000,Jakarta Pusat,Digitech Mall,5.0,1 ,0,Wearable Device
84,Xiaomi Mi Watch 2 I AMOLED I NFC I Water Resistance 5ATM I Qualcomm Snapdragon® W5+ Gen 1,2499000,0,0,Denpasar,Diamond Handphone Bali,0.0,0,0,Wearable Device
85,TPU Case Xiaomi Redmi Buds 4 Pro Case Redmi Buds 5 Pro Soft Case,70000,0,0,Jakarta Utara,Simplecasestore,5.0,5 ,0,Wearable Device
86,Ringke Xiaomi Mi Watch Bezel Styling Silver Stainless Steel Anti Crack,293000,188850,104150,Jakarta Utara,Ringke Surabaya,0.0,0,0,Wearable Device
87,Ringke Xiaomi Mi Watch Bezel Styling Stainless Steel Anti Crack Slim - Silver,299000,188850,110150,Jakarta Utara,Ringke Medan,0.0,0,0,Wearable Device
88,MIJOBS MiBand 6 METAL V SHAPE Stainless Steel Strap Xiaomi Mi Band 5 4,135000,129000,6000,Jakarta Barat,HOP Market,4.9,500,1,Wearable Device
89,SIKAI Original Nylon Strap 22MM XIAOMI AMAZFIT GTR / PACE STRATOS Etc - CHERRY RED,69000,0,0,Jakarta Barat,G-Rex,4.8,100,1,Wearable Device
90,"Xiaomi Mi Watch S3 AMOLED 1,43 inci I NFC I Water Resistance Rating 5ATM",1799000,0,0,Denpasar,Diamond Handphone Bali,5.0,3 ,0,Wearable Device
91,Xiaomi Smart Band 8 Pro - Garansi Resmi Xiaomi Indonesia,799000,0,0,Surabaya,Peace Cell Marina Online,0.0,0,0,Wearable Device
92,Tempered Glass Camera Hybrid for Xiaomi 14 Ultra Anti Gores Kamera,200000,25500,174500,Surabaya,Glass Pro Indonesia,5.0,3 ,0,Wearable Device
93,Tempered Glass Camera Hybrid for Xiaomi 14 Pro Anti Gores Kamera,200000,25500,174500,Surabaya,Glass Pro Indonesia,0.0,0,0,Wearable Device
94,Xiaomi Smart Band 8 Pro,749000,0,0,Jakarta Pusat,MII Store,5.0,15 ,0,Wearable Device
95,Xiaomi Watch 2,2499000,0,0,Semarang,Hape Joss,0.0,0,0,Wearable Device
96,Xiaomi Redmi Watch 3 Active Smart Watch Garansi Resmi ,699999,438999,261000,Jakarta Pusat,Onestop Gaming,0.0,2 ,0,Wearable Device
97,Tempered Glass Camera Hybrid for Xiaomi 14 Anti Gores Kamera,200000,25500,174500,Surabaya,Glass Pro Indonesia,4.4,16 ,0,Wearable Device
98,Xiaomi Smart Band 8 Pro - Light Grey,799000,0,0,Kab. Tangerang,Urban Republic Official Store,0.0,0,0,Wearable Device
99,Xiaomi Smart Band 8 Pro - Black,799000,0,0,Kab. Tangerang,Urban Republic Official Store,5.0,9 ,0,Wearable Device
100,Xiaomi Smart Band 8 Pro AMOLED Tahan Air 5 ATM,749000,0,0,Jakarta Pusat,Indokom Store,5.0,4 ,0,Wearable Device
101,Xiaomi Redmi AMOLED Watch S3 Smartwatch 1.97'' Jam Tangan NFC BT Call,1799000,0,0,Jakarta Barat,DERUMA TECHNOLOGY OFFICIAL,0.0,0,0,Wearable Device
102,"Xiaomi Watch S3 AMOLED Smartwatch 1.43"" Sport GPS 5ATM Bluetooth Call",1799000,0,0,Jakarta Barat,GADVENTIA Official Store,0.0,0,0,Wearable Device
103,"Xiaomi Mi Watch S3 Smartwatch 1.43"" AMOLED - Garansi Resmi",3599000,1699000,1900000,Jakarta Utara,Oriloka Shop,5.0,50,1,Wearable Device
104,Xiaomi Smart Band 8 Pro / Mi Band 8 Pro Garansi Resmi Tam,999000,731000,268000,Jakarta Selatan,Ini Toko Budi,5.0,90,1,Wearable Device
105,"Xiaomi Mi Watch S3 Bluetooth 5.2 Smart Watch 1.43"" AMOLED Heart Rate - Resmi",3599000,1699000,1900000,Jakarta Utara,Inovtek Sentra Global,0.0,0,0,Wearable Device
106,Xiaomi Watch 2 Garansi Resmi Indonesia,2499000,0,0,Denpasar,CELLULAR-WORLD,0.0,0,0,Wearable Device
107,Xiaomi Watch S3 Garansi Resmi,1799000,0,0,Denpasar,CELLULAR-WORLD,5.0,7 ,0,Wearable Device
108,Xiaomi Smart Band 8 Pro - Garansi Resmi Xiaomi Indonesia,849000,722000,127000,Jakarta Utara,Universe Store,5.0,70,1,Wearable Device
109,Xiaomi Watch S3 - Garansi Resmi Xiaomi Indonesia,1799000,1605000,194000,Jakarta Utara,Universe Store,5.0,90,1,Wearable Device
110,Xiaomi Smart Band 8 Pro Garansi Resmi,799000,0,0,Balikpapan,Andalas Cellular Bpn,5.0,3 ,0,Wearable Device
111,Xiaomi Smart Band 8 Pro New Garansi Resmi,790000,0,0,Bekasi,Ori Selular,5.0,3 ,0,Wearable Device
112,"Xiaomi Mi Smart Band 8 Pro 1.74"" AMOLED Display GPS AOD 5ATM Sport",799000,0,0,Kab. Tangerang,QUEEN id Official,5.0,9 ,0,Wearable Device
113,Xiaomi Watch S3 Smartwatch - Garansi Resmi Xiaomi Indonesia,1789000,1759000,30000,Jakarta Selatan,GeekyTech Official,5.0,17 ,0,Wearable Device
114,Xiaomi Redmi Watch 3 Active Black Garansi Resmi,799000,420000,379000,Jakarta Pusat,Digitech Mall,5.0,100,1,Wearable Device
115,Xiaomi Redmi Smart Watch S3 Amoled Wireless Bluetooth Garansi Resmi,1668000,0,0,Jakarta Pusat,Multifungsi,0.0,0,0,Wearable Device
116,Xiaomi Redmi Smart Watch S3 Amoled Wireless Bluetooth Garansi Resmi,1668000,0,0,Jakarta Pusat,Multifungsi Online,5.0,7 ,0,Wearable Device
117,"XIAOMI BAND 8 PRO 1,74"" AMOLED 5ATM Smart band",799000,0,0,Surabaya,ggstoresby,5.0,10 ,0,Wearable Device
118,XIAOMI WATCH S3 AMOLED SPORT GPS 5ATM Smartwatch,1799000,0,0,Surabaya,ggstoresby,0.0,0,0,Wearable Device
119,Xiaomi Mi Band 8 pro,799000,0,0,Semarang,Hape Joss,0.0,0,0,Wearable Device
120,Xiaomi Redmi Watch 4,1199000,0,0,Semarang,Hape Joss,5.0,2 ,0,Wearable Device
121,"Xiaomi Watch S3 Smartwatch AMOLED 1.43"" Sport GPS 5ATM Bluetooth Call",1799000,0,0,Surabaya,Level99ID,5.0,3 ,0,Wearable Device
122,"Xiaomi Smart Band 8 Pro 1,74 Inch AMOLED Tahan Air 5 ATM Garansi Resmi",799000,0,0,Surabaya,Level99ID,0.0,2 ,0,Wearable Device
123,"Xiaomi Mi Band 8 Pro | Smart Band 8 Pro AMOLED 1.74"" - Garansi Resmi",1499000,775000,724000,Jakarta Utara,Oriloka Shop,5.0,40,1,Wearable Device
124,"Xiaomi Mi Band 8 Pro / Smart Band 8 Pro AMOLED 1.74"" - Garansi Resmi",1499000,775000,724000,Jakarta Utara,Inovtek Sentra Global,5.0,6 ,0,Wearable Device
125,"Xiaomi Smart Band 8 Pro 1,74 Inch AMOLED Tahan Air 5 ATM Garansi Resmi",799000,0,0,Jakarta Pusat,Doran Gadget Authorized Store,0.0,0,0,Wearable Device
126,"Xiaomi Smart Band 8 Pro Amoled 1,74Inch 5 ATM - Garansi Resmi 1 Tahun",799000,0,0,Bandung,Doran Gadget Official Bandung,5.0,1 ,0,Wearable Device
127,"Xiaomi Smart Band 8 Pro 1,74""Inch Amoled 60Hz GPS GNSS 5ATM Waterproof",1599000,775000,824000,Jakarta Barat,HangOn Official Store,5.0,30,1,Wearable Device
128,"Xiaomi Watch S3 1,43''Inch AMOLED Display NFC GPS GNSS 5ATM Waterproof",3599000,1739000,1860000,Jakarta Barat,HangOn Official Store,5.0,2 ,0,Wearable Device
129,Xiaomi Redmi Watch 4 - Garansi Resmi,1199000,0,0,Banjarmasin,Gadget Mart,0.0,0,0,Wearable Device
130,Finchy Silicone Strap Xiaomi Mi Band 8 active Nike Dual Tone Wristband,129000,59900,69100,Kab. Tangerang,Finchy Indonesia,0.0,0,0,Wearable Device
131,"Xiaomi Smart Band 8 Pro 1,74 Inch AMOLED Tahan Air 5 ATM Garansi Resmi",799000,0,0,Jakarta Pusat,Vertix Gadget,5.0,3 ,0,Wearable Device
132,Xiaomi Watch S3 Smartwatch AMOLED Display Bluetooth Cals GPS 15Days,1759000,1679000,80000,Jakarta Utara,ST-Toms.co,0.0,0,0,Wearable Device
133,Xiaomi Smart Band 8 Pro Smartwatch AMOLED Always On Display 14Days GPS,795000,749000,46000,Jakarta Utara,ST-Toms.co,5.0,4 ,0,Wearable Device
134,"Xiaomi Smart Band 8 Pro Layar AMOLED 1,74"" 5 ATM 289mAh -Garansi Resmi",799000,0,0,Jakarta Pusat,Doran Gadget Official Store,5.0,7 ,0,Wearable Device
135,"Xiaomi Smart Band 8 Pro 1,74 Inch AMOLED Tahan Air 5 ATM Garansi Resmi",799000,0,0,Jakarta Pusat,Gadget Channel,5.0,1 ,0,Wearable Device
136,"Xiaomi Smart Band 8 Pro 1,74 Inch AMOLED Tahan Air 5 ATM Garansi Resmi",799000,0,0,Jakarta Pusat,Doran Gadget,5.0,4 ,0,Wearable Device
137,"XIAOMI MI Smart Watch S3 Bluetooth 5.2 1.43"" AMOLED Garansi Resmi",1659000,0,0,Jakarta Pusat,Kreasindo Online,5.0,50,1,Wearable Device
138,XIAOMI MI Band 8 Pro / Smart Band 8 Pro 8Pro Amoled Garansi Resmi,749000,0,0,Jakarta Pusat,Kreasindo Online,5.0,80,1,Wearable Device
139,Xiaomi Smart Band 8 Pro 1.74 Inch AMOLED Garansi Resmi,1299000,779000,520000,Jakarta Utara,Mibo Official Store,4.9,19 ,0,Wearable Device
140,Xiaomi Redmi Pad SE 4/128 GB Garansi Resmi 4 128GB not pad mini,2999000,2040000,959000,Jakarta Pusat,Digitalisme,5.0,100,1,Tablet
141,"Xiaomi Redmi Pad SE 4/128GB Garansi Resmi not Pad 5 Pad 6 Redmi Pad - 4/128GB PROMO, Non Bundle",3499000,2040000,1459000,Jakarta Pusat,Digitech Mall,5.0,250,1,Tablet
142,Xiaomi Pad 6 8GB/256GB Garansi Resmi,5199000,4588000,611000,Jakarta Pusat,OKESHOP,5.0,1rb,1,Tablet
143,Xiaomi Pad 6s Pro 8/256GB 8GB RAM 256GB Garansi Resmi - Promo,8999000,7600000,1399000,Jakarta Pusat,Global Teleshop,5.0,3 ,0,Tablet
144,Xiaomi Redmi Pad 6/128GB Garansi Resmi Not Xiaomi Pad 5,4500000,3186000,1314000,Jakarta Pusat,Digitalisme,4.9,500,1,Tablet
145,Xiaomi Pad 6S Pro 12.4 8/256GB Snapdragon 8 Gen 2 - Garansi Xiaomi,7999000,0,0,Surabaya,Gadget Point Store,0.0,0,0,Tablet
146,"Xiaomi Pad 6S Pro 8/256GB 12.4"" Snapdragon 8 Gen 2 Garansi Resmi",7750000,7672500,77500,Jakarta Barat,Lestari Motor 2,0.0,0,0,Tablet
147,"Xiaomi Pad 6S Pro 12.4"" Snapdragon 8 Gen 2 | Garansi Resmi",7999000,7865000,134000,Tangerang,Ceria Ponsel Official,0.0,0,0,Tablet
148,Xiaomi Pad 6s Pro 12.4in 8/256 GB Garansi Resmi 15 Bln,7998000,0,0,Bandung,HAKACELL,0.0,0,0,Tablet
149,Xiaomi Pad 6s Pro [8/256 GB] Garansi Resmi Xiaomi Indonesia,7799000,0,0,Jakarta Barat,duniagadgetku,0.0,0,0,Tablet
150,Xiaomi Pad 6s Pro 8/256 Garansi Resmi Indonesia,7715000,0,0,Jakarta Utara,Vote VIP,0.0,0,0,Tablet
151,Xiaomi Pad 6S Pro 12.4 Wifi 8/256GB Android,7999000,0,0,Semarang,Hape Joss,0.0,0,0,Tablet
152,Xiaomi PAD 5 - 6/256GB - Qualcomm Snapdragon 860,3990000,0,0,Jakarta Utara,Xiaovv Official Store,0.0,0,0,Tablet
153,Xiaomi Pad 6S Pro 8/256 (12.4) Wifi Only Garansi Resmi Official,7775000,0,0,Jakarta Pusat,PS.ONLINE OFFICIAL STORE,0.0,2 ,0,Tablet
154,Xiaomi Pad 6S Pro 8/256GB [ Garansi Resmi Xiaomi],7999000,0,0,Surabaya,Planet Gadget,0.0,0,0,Tablet
155,Xiaomi Mi Pad 6S Pro WiFi Only 8/256GB Garansi Resmi Xiaomi,7799000,0,0,Jakarta Pusat,Senjaya Selindo,0.0,0,0,Tablet
156,"Xiaomi Pad 6S Pro 12,4"" 8/256GB WiFi - Grs resmi Xiaomi",7769000,0,0,Jakarta Timur,Pluto sellular,0.0,0,0,Tablet
157,"Xiaomi Pad 6 (8GB/256GB) | Snapdragon 870 Layar 11"" WQHD+ 8840mAh",4899000,0,0,Jakarta Utara,NINETYGO OFFICIAL STORE,0.0,0,0,Tablet
158,Xiaomi Pad 6S Pro 8/256GB 12.4'' Garansi Resmi Xiaomi Indonesia 1 Tahun,7999000,0,0,Jakarta Barat,36shop,0.0,0,0,Tablet
159,"Xiaomi Pad 6 (8GB/256GB) | Snapdragon 870 Layar 11"" WQHD+ 8840mAh",4899000,0,0,Jakarta Utara,Xiaovv Official Store,0.0,0,0,Tablet
160,Xiaomi Pad 6s Pro 8/256GB 8GB RAM 256GB Garansi Resmi,8999999,7892999,1107000,Jakarta Pusat,Onestop Gaming,0.0,50,1,Tablet
161,Xiaomi Pad 6s Pro 8GB/256GB Garansi Resmi,8999999,7892999,1107000,Jakarta Pusat,A-Trinity Komputer,0.0,0,0,Tablet
162,"Xiaomi Pad 6 (8GB/256GB) | Snapdragon 870 Layar 11"" WQHD Garansi Resmi",5499999,4806999,693000,Jakarta Pusat,Onestop Gaming,0.0,30,1,Tablet
163,Xiaomi redmi Pad SE 4/128GB Qualcomm Snapdragon 680 | 8000 mAh Garansi Resmi Xiomi Indonesia 12Bulan,2499000,2299000,200000,Jakarta Selatan,Kenken Official,0.0,0,0,Tablet
164,Xiaomi Pad 6s Pro Ram 8/256gb Garansi Resmi,7705000,0,0,Kediri,Garden Cell Official,0.0,1 ,0,Tablet
165,XIAOMI MI PAD 6S PRO 8/256 GB GARANSI RESMI TERMURAH,8099000,7843200,255800,Surabaya,Hapemall.id,0.0,0,0,Tablet
166,Xiaomi Pad 6S Pro 12.4 inch 8/256 GB - Garansi Resmi Xiaomi Indonesia,8199000,7505000,694000,Jakarta Utara,Universe Store,0.0,0,0,Tablet
167,Xiaomi Pad 6s Pro 12.4 inch 8/256 GB Garansi Resmi,7868000,0,0,Jakarta Pusat,Gudang-HP,0.0,0,0,Tablet
168,Xiaomi Pad 6S Pro 12.4 Inch 8/256GB -Graphite Gray  Garansi Resmi,7999000,0,0,Denpasar,CELLULAR-WORLD,0.0,0,0,Tablet
169,Xiaomi Pad 6S Pro 12.4 Inch 8/256GB -Graphite Gray Bundling Package Garansi Resmi,10597000,0,0,Denpasar,CELLULAR-WORLD,0.0,0,0,Tablet
170,XIAOMI PAD 6S PRO 8/256 GB GARANSI RESMI XIAOMI 6S PRO 8/256 GB - PAD 6S PRO,9499000,7999000,1500000,Tangerang,STR-STORE,5.0,1 ,0,Tablet
171,Xiaomi Pad 6s Pro 8GB/256GB Garansi Resmi Xiaomi Indonesia,7999000,0,0,Medan,INTIKOM STORE,5.0,2 ,0,Tablet
172,Xiaomi Pad 6s Pro 12.4  8GB/256GB WIFI,7749000,0,0,Jakarta Pusat,MII Store,5.0,1 ,0,Tablet
173,Xiaomi Pad 6S Pro 12.4 8GB/256GB Garansi Resmi,7899000,0,0,Jakarta Pusat,Indokom Store,0.0,0,0,Tablet
174,"XIAOMI Mi Pad 6S Pro Chipset Snapdragon® 8 Gen 2 Layar 3K 12,4""",7999000,0,0,Kab. Sleman,promodazzle,0.0,0,0,Tablet
175,Xiaomi Pad 6s Pro 8/256gb Garansi Resmi,7850000,0,0,Bekasi,Ori Selular,5.0,5 ,0,Tablet
176,Xiaomi redmi pad SE WIFI RAM 4GB/128GB Original Resmi,2299000,0,0,Makassar,Super Laris IT,0.0,1 ,0,Tablet
177, Xiaomi Pad 6S Pro 12.4 8/256 GB - Garansi Resmi,7999000,7458000,541000,Jakarta Timur,Wahana Selular,5.0,12 ,0,Tablet
178,MI Pad 6s Pro 8/256 GB Garansi Resmi Xiaomi (INSTAN),7999000,0,0,Malang,Meteor Cell Official Store,5.0,2 ,0,Tablet
179,Xiaomi Pad 6S Pro 12.4 RAM 8/256GB Chipset Snapdragon 8 Gen2 10.000mAh 120W HyperCharge - Gray,7999000,0,0,Bandung,Rajaponsel Official,0.0,0,0,Tablet
180,NEW Xiaomi 14 5G Garansi Resmi Indonesia 1 Tahun,11999000,0,0,Surabaya,GoodPonsel,0.0,0,0,Tablet
181,"Xiaomi Pad 6S Pro 12.4"" inch 8/256 Ram 8GB Rom 256 GB Garansi Resmi",8999000,7599500,1399500,Bekasi,Angel Phone Shop,0.0,0,0,Tablet
182,"Xiaomi Pad 6S Pro 12.4"" inch 8/256 Ram 8GB Rom 256 GB Garansi Resmi",8999000,7599500,1399500,Bekasi,PREMIUM OFFICIAL STORE,5.0,3 ,0,Tablet
183,"Xiaomi Pad 6S Pro 12.4"" inch 8/256 Ram 8GB Rom 256 GB Garansi Resmi",8999000,7599500,1399500,Bekasi,Shadow Gold,5.0,3 ,0,Tablet
184,"Xiaomi Pad 6s Pro 12.4 (RAM 8GB, ROM 256GB, Snapdragon 8 Gen 2)",7999000,0,0,Malang,TIGA PUTRA HP CENTER,5.0,4 ,0,Tablet
185,Xiaomi Pad 6s Pro 8/256 Garansi Resmi Tam,8499000,7457000,1042000,Jakarta Selatan,Ini Toko Budi,5.0,2 ,0,Tablet
186,Xiaomi Pad 6s Pro 8/256GB 8GB RAM 256GB Garansi Resmi,8999000,7600000,1399000,Jakarta Pusat,Global Teleshop,5.0,3 ,0,Tablet
187,Xiaomi Pad 6S Pro Tablet Garansi Resmi Original 8/256 RAM 8GB ROM 256GB - Gray,7999000,0,0,Denpasar,Diamond Handphone Bali,5.0,2 ,0,Tablet
188,"Xiaomi Pad 6s Pro 8/256GB 12.4"" SD 8 Gen 2 Mi Pad Garansi Resmi",8999000,7402000,1597000,Jakarta Pusat,Distributor Ponsel,5.0,100,1,Tablet
189,"Xiaomi Pad 6S Pro 12.4"" inch 8/256 GB Garansi Resmi ",8499000,7402000,1097000,Jakarta Pusat,Digitalisme,5.0,100,1,Tablet
190,Xiaomi Pad 6S Pro 8|256GB 12.4 Inch Garansi Resmi,7999000,0,0,Balikpapan,Andalas Cellular Bpn,5.0,3 ,0,Tablet
191,Xiaomi redmi pad SE WIFI RAM 4GB/128GB Garansi Resmi,2299000,0,0,Makassar,Super Laris IT,5.0,3 ,0,Tablet
192,XIAOMI PAD 6S Pro 12.4 Inch 8/256 Ram 8GB Internal 256GB Garansi Resmi,7769000,0,0,Jakarta Pusat,Kreasindo Online,5.0,3 ,0,Tablet
193,Xiaomi Pad 6s Pro 8/256GB SD 8 Gen 2 Mi Pad Wifi Only Garansi Resmi,8999000,7402000,1597000,Jakarta Pusat,Digitech Mall,5.0,24 ,0,Tablet
194,Xiaomi Pad 6s Pro 8GB/256GB,8999000,7600000,1399000,Jakarta Pusat,OKESHOP,5.0,30,1,Tablet
195,Xiaomi Pad 6S Pro 12.4 8+256GB Original Garansi Resmi 1 Tahun,7999000,0,0,Malang,Tube Gadget,0.0,0,0,Tablet
196,Xiaomi Pad 6S Pro 12.4 8+256GB Original Garansi Resmi 1 Tahun,7999000,0,0,Surabaya,TOPSELL OFFICIAL,5.0,6 ,0,Tablet
197,Xiaomi Pad 6S Pro 12.4 8+256GB Original Garansi Resmi 1 Tahun,7999000,0,0,Malang,Pelengkapmu Accecories,0.0,0,0,Tablet
198,Official Xiaomi Pad 6S Pro 12.4,7999000,0,0,Kab. Tangerang,Xiaomi Official Store,4.9,100,1,Tablet
199,Xiaomi redmi pad SE WIFI RAM 4GB/128GB,2299000,0,0,Makassar,Super Laris IT,5.0,12 ,0,Tablet
200,"TABLET XIAOMI PAD 6 | SNAPDRAGON 870 8/256GB 11"" WQHD",4899000,0,0,Surabaya,ggstoresby,5.0,1 ,0,Tablet
201,Xiaomi Redmi Pad Se 4/128 GB Garansi resmi,2099000,0,0,Surabaya,TOPSELL OFFICIAL,5.0,1 ,0,Tablet
202,Xiaomi Pad 6 (8GB/256GB) with Xiaomi Pad 6 Keyboard,6999000,5869000,1130000,Jakarta Timur,ARENA_IT,0.0,0,0,Tablet
203,Xiaomi Mi Pad 6 8/256GB Garansi Resmi Indonesia,4999000,0,0,Surabaya,Apollo_Gadget_Store,0.0,0,0,Tablet
204,Xiaomi Mi Pad 6 8/256 Garansi Resmi Tam New,5499000,4541000,958000,Jakarta Selatan,Ini Toko Budi,4.9,1rb,1,Tablet
205,"Xiaomi Redmi Pad SE 4/128 GB Garansi Resmi 4 128GB not pad mini - Grey, Promo",2999000,2040000,959000,Jakarta Pusat,Digitalisme,5.0,100,1,Tablet
206,"Xiaomi Redmi Pad SE 4/128GB Garansi Resmi not Pad 5 Pad 6 Redmi Pad - 4/128GB PROMO, Non Bundle",3499000,2040000,1459000,Jakarta Pusat,Digitech Mall,5.0,250,1,Tablet
207,Xiaomi Pad 6 8GB/256GB Garansi Resmi,5199000,4588000,611000,Jakarta Pusat,OKESHOP,5.0,1rb,1,Tablet
208,Xiaomi Pad 6s Pro 8/256GB 8GB RAM 256GB Garansi Resmi - Promo,8999000,7600000,1399000,Jakarta Pusat,Global Teleshop,5.0,3 ,0,Tablet
209,Xiaomi Redmi Pad 6/128GB Garansi Resmi Not Xiaomi Pad 5,4500000,3186000,1314000,Jakarta Pusat,Digitalisme,4.9,500,1,Tablet
210,Xiaomi Redmi Pad 6/128Gb Garansi Resmi Tam New,3599000,0,0,Jakarta Selatan,Ini Toko Budi,0.0,750,1,Tablet
211,"Xiaomi Pad 6 8GB/256GB Snapdragon 870 Layar 11"" WQHD",4942000,0,0,Jakarta Utara,PS Enterprise Official,0.0,0,0,Tablet
212,Xiaomi Redmi Pad SE 4/128 GB Garansi resmi,2299000,0,0,Jakarta Utara,PS Enterprise Official,0.0,1 ,0,Tablet
213,Xiaomi Redmi Note 12 Pro 5G 8/256GB Garansi Resm,3889000,0,0,Jakarta Utara,PS Enterprise Official,0.0,0,0,Tablet
214,Xiaomi Redmi A3 4/128GB - Garansi Resmi,1199000,0,0,Banjarmasin,Gadget Mart,4.7,6 ,0,Tablet
215,Xiaomi Mi Pad 6 8GB 256GB Garansi Resmi Smart Tablet Tab,5999000,4907000,1092000,Jakarta Utara,Oriloka Shop,4.6,17 ,0,Tablet
216,Xiaomi Redmi Pad SE 4/128GB Garansi Resmi Not Mi Pad 5 ,2599000,2162999,436001,Jakarta Pusat,A-Trinity Komputer,5.0,3 ,0,Tablet
217,XIAOMI MI PAD 6 8/256 GB GARANSI RESMI XIAOMI INDONESIA,4899000,0,0,Surabaya,Level99ID,5.0,2 ,0,Tablet
218,xiaomi redmi pad se 4/128 gb wifi only garansi resmi,2090000,0,0,Surabaya,SRITICELL OFFICIAL,5.0,40,1,Tablet
219,Xiaomi Redmi Pad SE 4/128GB,2277000,0,0,Jakarta Utara,Myclub,0.0,0,0,Tablet
220,Xiaomi Pad 6 8/256GB,4982000,0,0,Jakarta Utara,Myclub,0.0,0,0,Tablet
221,Xiaomi Pad 6 8/256GB Snapdragon 870 Battery 8840mAh Garansi Resmi,1000,0,0,Jakarta Pusat,Doran Gadget Makassar,0.0,0,0,Tablet
222,Xiaomi Mi pad 6 8/256,4999000,0,0,Cirebon,Tele Ring,0.0,0,0,Tablet
223,Xiaomi Pad 6 8/256 Garansi Resmi,4999000,0,0,Jakarta Pusat,ACS,0.0,0,0,Tablet
224,Xiaomi Redmi Pad SE 4/128GB,2199000,0,0,Malang,alibabastore.id,5.0,6 ,0,Tablet
225,Xiaomi Redmi Pad 6/128GB,3464000,0,0,Jakarta Utara,Myclub,0.0,0,0,Tablet
226,Xiaomi Mi Pad 6 8/256 Garansi Resmi Tam,4899000,0,0,Jakarta Selatan,Ini Toko Budi,5.0,1 ,0,Tablet
227,Xiaomi Mi Pad 6 8/256GB - Garansi Resmi,4786000,0,0,Jakarta Pusat,Pandawatiga,5.0,9 ,0,Tablet
228,"Xiaomi Redmi Pad SE 4/128GB Layar 11"" FHD+ NOT MiPad 5 Garansi Resmi",3299000,2299000,1000000,Jakarta Barat,HangOn Official Store,0.0,0,0,Tablet
229,Xiaomi MIPad 6 Ram 8GB Internal 256GB Garansi Resmi,6000000,4875000,1125000,Jakarta Pusat,tokoJBC,0.0,1 ,0,Tablet
230,Xiaomi MIPad 6 Ram 8GB Internal 256GB Garansi Resmi,5000000,4875000,125000,Jakarta Pusat,tokobaru_official,0.0,0,0,Tablet
231,Xiaomi mipad se Mi pad SE ram 4/128Gb Garansi resmi,2299000,0,0,Tangerang,Bintang Terang Cell,5.0,1 ,0,Tablet
232,Xiaomi Pad 6 RAM 8/256GB Garansi Resmi,4999000,0,0,Tangerang,Bintang Terang Cell,0.0,0,0,Tablet
233,Xiaomi Redmi Pad SE RAM 4/128GB Garansi Resmi,2499000,0,0,Tangerang,Bintang Terang Cell,0.0,0,0,Tablet
234,Xiaomi Redmi Pad SE Wifi RAM 4/128GB Garansi Resmi,2375000,0,0,Bandung,Rajaponsel Official,5.0,4 ,0,Tablet
235,XIAOMI MI PAD 6 8/256 GB GARANSI RESMI,5200000,4575000,625000,Jakarta Pusat,Q-Store Pedia,5.0,100,1,Tablet
236,"Xiaomi Pad 6 (8GB/256GB) | Snapdragon 870 Layar 11"" WQHD",5999000,4969000,1030000,Jakarta Timur,ARENA_IT,5.0,1 ,0,Tablet
237,Xiaomi Pad 6 8/256GB Tablet 11 inch RAM 8GB 256GB,4943000,0,0,Jakarta Barat,Golden Mouse,5.0,1 ,0,Tablet
238,Xiaomi Pad 6 8/256GB Tablet 11 inch RAM 8GB 256GB,4943000,0,0,Jakarta Barat,Twins Computer,0.0,0,0,Tablet
239,Xiaomi Pad 6 8/256GB Tablet 11 inch RAM 8GB 256GB,4943000,0,0,Jakarta Barat,Cemara Mas Indah,5.0,7 ,0,Tablet
240,Xiaomi Pad 6 8/256GB Tablet 11 inch RAM 8GB 256GB ,4943000,0,0,Jakarta Barat,Aquarius Official,0.0,0,0,Tablet
241,XIAOMI REDMI PAD SE - 4GB 128GB 4/128 - SNAPDRAGON 680 - GARANSI RESMI,2499000,0,0,Jakarta Utara,Shopyz ID,5.0,15 ,0,Tablet
242,Xiaomi Redmi Pad SE 4/128 GB Garansi Resmi 4 128GB not pad mini,2999000,2040000,959000,Jakarta Pusat,Digitalisme,5.0,100,1,Tablet
243,"Xiaomi Redmi Pad 6GB 128GB Tablet 10"" RAM 6GB Internal 128GB ",3434500,0,0,Surabaya,Surya Mitra Online,0.0,0,0,Tablet
244,"Xiaomi Redmi Pad 6GB 128GB Tablet 10"" RAM 6GB Internal 128GB ",3434500,0,0,Surabaya,Gaming Plus Store,0.0,0,0,Tablet
245,Xiaomi Redmi Pad 6/128GB MediaTek Helio G99 | 4 Speaker,3478000,0,0,Jakarta Barat,Aquarius Official,0.0,0,0,Tablet
246,Xiaomi Redmi Pad 6/128GB MediaTek Helio G99 | 4 Speaker,3478000,0,0,Jakarta Barat,Twins Computer,0.0,0,0,Tablet
247,Xiaomi Redmi Pad 6/128GB MediaTek Helio G99 | 4 Speaker,3478000,0,0,Jakarta Barat,Golden Mouse,0.0,0,0,Tablet
248,Xiaomi Redmi Pad 6/128GB MediaTek Helio G99 | 4 Speaker,3478000,0,0,Jakarta Barat,Cemara Mas Indah,0.0,0,0,Tablet
249,Xiaomi Pad 6 8/256 Ram 8GB Rom 256GB Garansi Resmi,5199000,0,0,Bekasi,Angel Phone Shop,5.0,4 ,0,Tablet
250,Xiaomi Pad 6 8/256 Ram 8GB Rom 256GB Garansi Resmi,5199000,0,0,Bekasi,PREMIUM OFFICIAL STORE,0.0,0,0,Tablet
251,Xiaomi Pad 6 8/256GB Tablet 11 inch RAM 8GB 256GB Tab Android,5199000,4949000,250000,Jakarta Pusat,SUPER_GADGET,5.0,100,1,Tablet
252,Xiaomi Mi Pad 6 8/256 Gb Garansi Resmi,4999000,4588500,410500,Jakarta Pusat,Senjaya Selindo,5.0,100,1,Tablet
253,Xiaomi Redmi Pad SE 4/128GB,2499000,2030500,468500,Jakarta Pusat,jikalaku,5.0,250,1,Tablet
254,Xiaomi Redmi Pad SE 4/128 GB Garansi Resmi,2250000,2052000,198000,Jakarta Pusat,PS.ONLINE OFFICIAL STORE,5.0,1rb,1,Tablet
255,Xiaomi Pad 6 ram 8/256 GB Garansi Resmi,5113000,0,0,Jakarta Pusat,PS.ONLINE OFFICIAL STORE,5.0,3 ,0,Tablet
256,Xiaomi Redmi Pad SE 4/128GB Garansi Resmi,2399000,2023500,375500,Jakarta Pusat,Pandawatiga,4.9,250,1,Tablet
257,Xiaomi Pad 6 8GB/256GB Garansi Resmi Xiaomi Indonesia,4950000,0,0,Medan,INTIKOM STORE,5.0,3 ,0,Tablet
258,Tablet Xiaomi Redmi Pad 6/128GB Graphite Grey | Silver Garansi Resmi,3378000,0,0,Jakarta Pusat,Studio Ponsel,5.0,4 ,0,Tablet
259,Xiaomi Mi Pad [ 8GB / 256GB ] - Garansi Resmi,4999000,0,0,Jakarta Pusat,Gadhet-Holic,0.0,0,0,Tablet
260,"Xiaomi Pad 6 8GB/256GB Snapdragon 870 Layar 11"" 8840mAh ",4909000,0,0,Surabaya,Doran Gadget Official Bandung,0.0,0,0,Tablet
261,NEW Xiaomi Pad 6 8/256GB Bergaransi Resmi Indonesia 1 Tahun,4999000,0,0,Kab. Gianyar,GoodPonsel,5.0,1 ,0,Tablet
262,Xiaomi Redmi Pad 6/128GB| 8/256GB New Original - Garansi Resmi,3439000,0,0,Jakarta Pusat,Doran Gadget Official Bandung,0.0,1 ,0,Tablet
263,Xiaomi Pad 6 8/256GB (11 inch) Snapdragon 870 - Garansi Resmi ,5000000,0,0,Surabaya,tokolasvegas,5.0,7 ,0,Tablet
264,"Xiaomi Pad 6 8GB/256GB Snapdragon 870 Layar 11"" 8840mAh -Garansi Resmi",5021500,0,0,Jakarta Pusat,Doran Gadget Official Store,0.0,2 ,0,Tablet
265,Xiaomi Redmi Pad Wifi RAM 6/128GB Garansi Resmi,3499000,0,0,Bandung,Rajaponsel Official,0.0,0,0,Tablet
266,Xiaomi Redmi Pad SE 11 Inch 4GB 128GB 90HZ Garansi Resmi,2999000,2199000,800000,Jakarta Utara,Mibo Official Store,4.7,30,1,Tablet
267,Xiaomi Mi Pad 6 8/256GB Mi Pad 6 Pro Garansi Resmi Not Mi Pad 5,5699000,4581000,1118000,Jakarta Pusat,Distributor Ponsel,4.9,100,1,Tablet
268,Xiaomi Redmi Pad SE 4/128GB Garansi Resmi Redmi Pad SE Not Mi Pad5,2899000,2055000,844000,Jakarta Pusat,Distributor Ponsel,4.9,500,1,Tablet
269,XIAOMI REDMI PAD SE 4/128 GB GARANSI RESMI XIAOMI INDONESIA TAB XIAOMI,2099000,0,0,Jakarta Barat,BintangTimurSelindo,0.0,1 ,0,Tablet
270,Xiaomi Redmi A3 4/128 GB Garansi Resmi 4+4 128 GB Black Blue not a2,1390000,1112000,278000,Jakarta Pusat,Digitalisme,5.0,100,1,Handphone
271,Xiaomi Redmi 13C 4/128 GB 6/128 GB 8/256 GB Garansi Resmi,1990000,1425000,565000,Jakarta Pusat,OKESHOP,5.0,500,1,Handphone
272,Xiaomi Redmi Note 13 Pro+ 5G 12/512 8/256 GB Garansi Resmi not 12 pro,4290000,3500000,790000,Jakarta Pusat,Digitalisme,4.9,100,1,Handphone
273,Xiaomi Redmi A3 4/128 GB 4/64 GB Garansi Resmi Redmi A3 Not A1 A2 ,1990000,1348000,642000,Jakarta Pusat,Distributor Ponsel,5.0,500,1,Handphone
274,Xiaomi Redmi Note 12 8/128GB 6/128GB Garansi Resmi Redmi 12 Not 11 Pro,3090000,1828000,1262000,Jakarta Pusat,Digitalisme,4.9,750,1,Handphone
275,XIAOMI REDMI 13 8/256 8/128 GB RAM 8GB + 8GB ROM 256GB & 128GB RESMI,2100000,0,0,Bekasi,JJ SHOP PEDIA 2,0.0,0,0,Handphone
276,Xiaomi Redmi Note 13 Pro 5G 12/512 Ram 8GB Rom 512GB Garansi Resmi,4950000,0,0,Bekasi,Angel Phone Shop,0.0,0,0,Handphone
277,Xiaomi Redmi Note 13 5G 8/256 GB Garansi Resmi,2975000,0,0,Bandung,MetaCore,0.0,0,0,Handphone
278,XIAOMI MI 13T 12/256GB GARANSI RESMI XIAOMI INDONESIA - Hijau,7099000,0,0,Medan,Omega Premium Store,0.0,0,0,Handphone
279,XIAOMI 13T 12GB 256GB 12/256 Garansi Resmi,7499000,0,0,Jakarta Timur,Kumparan Cellular,0.0,0,0,Handphone
280,Redmi Note 13 4G 8/128 GB Garansi Resmi Xiaomi (INSTAN),2499000,2399000,100000,Malang,Meteor Cell Official Store,0.0,0,0,Handphone
281,Xiaomi Redmi Note 13 8GB/128GB - Garansi Resmi,2500000,0,0,Surabaya,tokolasvegas,0.0,0,0,Handphone
282,Xiaomi Redmi Note 13 4G 8/128GB Garansi Resmi,2399000,0,0,Denpasar,CELLULAR-WORLD,0.0,0,0,Handphone
283,Xiaomi Redmi Note 13 Pro 5G 8/512 GB Garansi Resmi 15 Bln,4998000,4898000,100000,Bandung,HAKACELL,0.0,0,0,Handphone
284,Xiaomi Redmi Note 13 Pro+ 5G 12/512 GB Garansi Resmi,5877000,0,0,Bandung,Antaboga Phone,0.0,0,0,Handphone
285,Xiaomi Redmi A3 4/128GB Garansi Resmi,1990000,1135000,855000,Jakarta Pusat,OKESHOP,4.9,100,1,Handphone
286,Xiaomi 14 5G [12/256 GB] Garansi Resmi Xiaomi Indonesia,12900000,11115000,1785000,Jakarta Barat,duniagadgetku,5.0,8 ,0,Handphone
287,Xiaomi Redmi 10 5G Smartphone (6/128GB) Garansi Resmi,2699000,1669000,1030000,Jakarta Pusat,Global Teleshop,5.0,100,1,Handphone
288,Xiaomi Redmi A3 4+128GB Original Garansi Resmi 15 Bulan,1290000,1189000,101000,Malang,Pelengkapmu Accecories,5.0,6 ,0,Handphone
289,Xiaomi Redmi A3 Smartphone 4/128Gb Garansi Resmi,1490000,1130000,360000,Jakarta Pusat,Global Teleshop,5.0,60,1,Handphone
290,Xiaomi Redmi Note 13 Pro Plus 5G [12GB/ 512GB/ Garansi Resmi],5999000,0,0,Jakarta Barat,FONEL,0.0,0,0,Handphone
291,Xiaomi Redmi Note 13 Pro 5G [12GB/ 512GB/ Garansi Resmi],5249000,0,0,Jakarta Barat,FONEL,0.0,0,0,Handphone
292,Xiaomi Redmi Note 13 [8GB/ 256GB/ Garansi Resmi],2799000,0,0,Jakarta Barat,FONEL,0.0,0,0,Handphone
293,Xiaomi Redmi Note 13 [8GB/ 128GB/ Garansi Resmi],2499000,0,0,Jakarta Barat,FONEL,0.0,0,0,Handphone
294,Xiaomi Redmi Note 13 5G [8GB/ 256GB/ Garansi Resmi],3199000,0,0,Jakarta Barat,FONEL,0.0,0,0,Handphone
295,Xiaomi Redmi Note 13 Pro+ 5G 12/512 GB Garansi Resmi,5876000,0,0,Bandung,MetaCore,0.0,0,0,Handphone
296,Xiaomi Redmi Note 13 Pro 5G 8/256 & 12/512 GB Garansi Resmi,4410000,0,0,Bandung,MetaCore,0.0,0,0,Handphone
297,Xiaomi Redmi Note 13 Pro 5G 12/512GB,4999000,0,0,Semarang,Sinar Mas Selluler CLsmg,0.0,0,0,Handphone
298,Xiaomi Redmi Note 13 Pro 8/256 GB Garansi Resmi,3755000,0,0,Bandung,MetaCore,0.0,0,0,Handphone
299,Xiaomi Redmi Note 13 - Garansi Resmi,2490000,0,0,Jakarta Pusat,Point2000,0.0,0,0,Handphone
300,Xiaomi Redmi Note 13 Pro 8/256GB - Garansi Resmi,3799000,0,0,Jakarta Pusat,Point2000,0.0,0,0,Handphone
301,Xiaomi Redmi Note 13 pro 5G - Garansi Resmi,4390000,0,0,Jakarta Pusat,Point2000,0.0,0,0,Handphone
302,Xiaomi Redmi Note 13 5G 8/256GB - Garansi Resmi,3199000,0,0,Jakarta Pusat,Point2000,0.0,0,0,Handphone
303,XIAOMI POCO C65 8/256 GB GARANSI RESMI XIAOMI INDONESIA TERMURAH,1899000,1692300,206700,Surabaya,Hapemall.id,0.0,2 ,0,Handphone
304,XIAOMI POCO C65 6/128 GB GARANSI RESMI XIAOMI INDONESIA TERMURAH,1699000,1499200,199800,Surabaya,Hapemall.id,0.0,0,0,Handphone
305,Xiaomi 14 12/256GB 5G Garansi Resmi,11999000,0,0,Malang,alibabastore.id,0.0,0,0,Handphone
306,Xiaomi Pocophone C65 6/128GB | 8/256GB 6.74 Inch Garansi Resmi,1599000,0,0,Balikpapan,Andalas Cellular Bpn,5.0,2 ,0,Handphone
307,Xiaomi Redmi Note 13 4G - 5G 8/256GB 5000mAh Garansi Resmi Xiaomi 12 Bulan,2690000,2490000,200000,Jakarta Selatan,Kenken Official,0.0,0,0,Handphone
308,"Xiaomi Redmi Note 13 Pro+ 5G | Layar AMOLED 1,5K 120 Hz - Black 12+512G Garansi Resmi xiaomi 12 BULAN",6199000,6050000,149000,Jakarta Selatan,Kenken Official,0.0,0,0,Handphone
309,Xiaomi Redmi 12 8/128GB | 8/256GB | MediaTek Helio G88 | MIUI 14 berbasis Android 13 | Garansi Resmi xiaomi  12 Bulan,2290000,1770000,520000,Jakarta Selatan,Kenken Official,0.0,0,0,Handphone
310,Xiaomi Redmi 13C 6/128GB & 8/256GB MediaTek Helio G85 Garansi Resmi Indonesia 12 Bulan,1590000,1550000,40000,Jakarta Selatan,Kenken Official,0.0,1 ,0,Handphone
311,Xiaomi Redmi Note 13 Pro Plus 5G - Garansi Resmi,5999000,0,0,Jakarta Pusat,Point2000,0.0,0,0,Handphone
312,Redmi Note 13 Pro 5G Ram 12/512 GB Garansi Resmi Xiaomi (INSTAN),4999000,0,0,Malang,Meteor Cell Official Store,0.0,2 ,0,Handphone
313,XIAOMI Pad 6S Pro 8/256GB - Garansi Resmi,7999000,0,0,Banjarmasin,Gadget Mart,0.0,0,0,Handphone
314,Xiaomi Poco F6 Pro 5G 12/256 GB 8/256 GB Garansi RESMI not F5,7990000,6490000,1500000,Jakarta Pusat,Digitech Mall,0.0,1 ,0,Handphone
315,Xiaomi Poco X5 5G NFC 6/128 GB Garansi Resmi,2200000,0,0,Jakarta Pusat,PS.ONLINE OFFICIAL STORE,0.0,2 ,0,Handphone
316,Xiaomi 14 12/256GB [Garansi Resmi Xiaomi],11999000,0,0,Surabaya,Planet Gadget,0.0,0,0,Handphone
317,Xiaomi Poco X5 5G [ 6/128GB ] Garansi Resmi,2210000,0,0,Jakarta Pusat,Scorpio Electro,0.0,27 ,0,Handphone
318,Xiaomi Poco M5s 4/64 & 6/128 GB Garansi Resmi,1255000,0,0,Bandung,MetaCore,5.0,4 ,0,Handphone
319,"Xiaomi Redmi Pad 6/128GB Layar 10,61'' 2K Garansi Resmi",6998000,3499000,3499000,Jakarta Barat,HangOn Official Store,0.0,0,0,Handphone
320,Xiaomi Redmi Note 13 Pro 5G 12/512GB Snapdragon 7s Gen 2 | 200MP Camera - Garansi Resmi,5099000,0,0,Surabaya,tokolasvegas,5.0,3 ,0,Handphone
321,Xiaomi Redmi Note 13 Pro 5G 12/512GB Garansi Resmi Xiaomi,4990000,4600000,390000,Jakarta Pusat,Senjaya Selindo,0.0,0,0,Handphone
322,Xiaomi Poco C65 NFC 16GB 256GB (8+8/256) + 12GB 128GB (6+6/128) New Original Garansi Resmi,1610000,0,0,Jakarta Utara,CA Shop,0.0,13 ,0,Handphone
323,Xiaomi REDMI NOTE 13 LTE 8/128 GB Garansi Resmi,2190000,0,0,Jakarta Pusat,PS.ONLINE OFFICIAL STORE,5.0,19 ,0,Handphone
324,Xiaomi 14 5G 12/256 Garansi Resmi Xiaomi Indonesia ,11699000,0,0,Jakarta Utara,Prince Gadget Indonesia,0.0,0,0,Handphone
325,XIAOMI REDMI NOTE 13 PRO 5G 12/512 GB GARANSI RESMI ,4890000,0,0,Tangerang,angel 19,0.0,0,0,Handphone
326,Xiaomi Poco M5S NFC [ 4/64GB ] Garansi Resmi,1890000,1160000,730000,Jakarta Pusat,Scorpio Electro,5.0,30,1,Handphone
327,Xiaomi Redmi Note 13 4G 8/128GB 8/256GB 5G 8/256GB,2490000,2320000,170000,Tangerang,Myfon Teleshop Official,0.0,0,0,Handphone
328,XIAOMI REDMI NOTE 13 PRO 5G 12/512 GARANSI RESMI XIAOMI INDONESIA TERMURAH,5099000,4848500,250500,Surabaya,Hapemall.id,0.0,1 ,0,Handphone
329,Xiaomi REDMI NOTE 13 PRO 5G 12/512 Garansi Resmi,4990000,4570000,420000,Jakarta Pusat,PS.ONLINE OFFICIAL STORE,5.0,28 ,0,Handphone
330,Xiaomi Redmi Note 13 Pro 5G 12/512GB - Garansi Resmi,4860000,0,0,Jakarta Timur,ucell cempaka,0.0,0,0,Handphone
331,XIAOMI REDMI NOTE 13 PRO 5G 12/512 GB GARANSI RESMI XIAOMI NOTE 13 PRO 5G 12/512 GB XIAOMI REDMI NOTE 13 PRO 5G,5790000,4900000,890000,Tangerang,STR-STORE,5.0,2 ,0,Handphone
332,Xiaomi Redmi Note 13 8/128 Garansi Resmi Xiaomi Indonesia,2345000,0,0,Jakarta Utara,Vote VIP,0.0,0,0,Handphone
333,Xiaomi Poco X6 Pro 5G 12/512GB Garansi Resmi,5145000,0,0,Kediri,Garden Cell Official,5.0,5 ,0,Handphone
334,Xiaomi Pad 6S Pro 12.4 - 8/256GB - GARANSI RESMI XIAOMI INDONESIA,8880000,0,0,Bandung,Smile Mobile Phone Shop,0.0,0,0,Handphone
335,Xiaomi Redmi Note 13 Pro 5G 12GB/512GB Garansi Resmi Indonesia,4999000,0,0,Medan,INTIKOM STORE,5.0,4 ,0,Handphone
336,Xiaomi Redmi Note 13 Pro 8/256 GB Garansi Resmi,3750000,0,0,Bandung,Antaboga Phone,0.0,0,0,Handphone
337,Xiaomi Redmi Note 13 6/128 8/128 & 8/256 GB,2390000,0,0,Bandung,MetaCore,0.0,0,0,Handphone
338,XIAOMI PAD 6S PRO 8/256 GB RAM 8GB ROM 256GB GARANSI RESMI,7990000,0,0,Bekasi,JJ SHOP PEDIA 2,5.0,1 ,0,Handphone
339,Xiaomi Redmi Note 13 5G 8/256Gb Garansi Resmi Tam,3390000,2770000,620000,Jakarta Selatan,Ini Toko Budi,0.0,1 ,0,Handphone
340,Xiaomi Redmi A3 4/128 GB Garansi Resmi 4+4 128 GB Black Blue not a2,1390000,1112000,278000,Jakarta Pusat,Digitalisme,5.0,100,1,Handphone
341,Xiaomi Redmi A3 4/128 GB 4/64 GB Garansi Resmi Redmi A3 Not A1 A2 ,1990000,1348000,642000,Jakarta Pusat,Distributor Ponsel,5.0,500,1,Handphone
342,Xiaomi Redmi Note 13 Pro+ 5G 12/512 8/256 GB Garansi Resmi not 12 pro,4290000,3500000,790000,Jakarta Pusat,Digitalisme,4.9,100,1,Handphone
343,Xiaomi 14 5G [12/256 GB] Garansi Resmi Xiaomi Indonesia,12900000,11115000,1785000,Jakarta Barat,duniagadgetku,5.0,8 ,0,Handphone
344,Xiaomi Redmi 10 5G Smartphone (6/128GB) Garansi Resmi,2699000,1669000,1030000,Jakarta Pusat,Global Teleshop,5.0,100,1,Handphone
345,Xiaomi Redmi Note 13 4G 8/256Gb 8/128Gb Garansi Resmi Tam,2690000,0,0,Jakarta Selatan,Ini Toko Budi,0.0,0,0,Handphone
346,Xiaomi Redmi Note 13 4G 8/128GB New,2499000,0,0,Semarang,Sinar Mas Selluler CLsmg,5.0,2 ,0,Handphone
347,Xiaomi POCO M6 Pro LTE 8/256GB - Garansi Resmi,2840000,0,0,Jakarta Pusat,PS.ONLINE OFFICIAL STORE,5.0,28 ,0,Handphone
348,Xiaomi Poco M5s 4/64 Garansi Resmi Xiaomi Indonesia,1499000,0,0,Jakarta Pusat,PS.ONLINE OFFICIAL STORE,5.0,6 ,0,Handphone
349,Xiaomi Redmi Note 13 Pro 5G 12/512GB,4999000,0,0,Cimahi,Atlantic Cellular,0.0,1 ,0,Handphone
350,Xiaomi Redmi Note 13 Pro 5G 12/512GB 6.67 Inch Garansi Resmi - Black,4999000,0,0,Balikpapan,Andalas Cellular Bpn,5.0,2 ,0,Handphone
351,Xiaomi Redmi Note 13 Pro 5G 12/512 GB Garansi Resmi not 12 pro,5590000,4860000,730000,Jakarta Pusat,Digitalisme,5.0,100,1,Handphone
352,Xiaomi Redmi Note 13 Pro 5G 12/512GB - Garansi Resmi,5090000,4640000,450000,Jakarta Pusat,Pandawatiga,0.0,1 ,0,Handphone
353,Xiaomi Redmi Note 13 4G 8/128 Ram 8GB Rom 128GB Garansi Resmi,2330000,0,0,Bekasi,Angel Phone Shop,0.0,2 ,0,Handphone
354,Xiaomi Redmi Note 13 4G 8/128 Ram 8GB Rom 128GB Garansi Resmi,2490000,2330000,160000,Bekasi,PREMIUM OFFICIAL STORE,5.0,18 ,0,Handphone
355,Xiaomi Redmi A3 4+128GB Original Garansi Resmi 15 Bulan,1290000,1189000,101000,Malang,Pelengkapmu Accecories,5.0,6 ,0,Handphone
356,Xiaomi Redmi A3 Smartphone 4/128Gb Garansi Resmi,1490000,1130000,360000,Jakarta Pusat,Global Teleshop,5.0,60,1,Handphone
357,Xiaomi Redmi Note 12 Pro 5G Smartphone 8GB/256GB Garansi Resmi,4590000,3477000,1113000,Jakarta Pusat,Global Teleshop,5.0,80,1,Handphone
358,Xiaomi Redmi Note 13 4G 8/128 Ram 8GB Rom 128GB Garansi Resmi,2330000,0,0,Bekasi,Shadow Gold,0.0,2 ,0,Handphone
359,Xiaomi Redmi Note 13 Pro 5G - 12/512GB - GARANSI RESMI PT. XIAOMI,4840000,0,0,Bandung,Smile Mobile Phone Shop,0.0,3 ,0,Handphone
360,Xiaomi Redmi Note 13 8/128GB 6.67 Inch Garansi Resmi,2499000,2399000,100000,Balikpapan,Andalas Cellular Bpn,5.0,5 ,0,Handphone
361,Xiaomi Redmi Note 13 Pro 5G 12/512GB android,4999000,0,0,Semarang,Hape Joss,5.0,3 ,0,Handphone
362,Xiaomi Redmi Note 13 ram 8/128gb Garansi Resmi,2340000,0,0,Kediri,Garden Cell Official,5.0,23 ,0,Handphone
363,xiaomi redmi note 13 pro 5g ram 12/512gb garansi resmi,4820000,0,0,Kediri,Garden Cell Official,5.0,40,1,Handphone
364,Xiaomi Redmi Note 13 8/128 Garansi Resmi Xiaomi Indonesia,2345000,0,0,Jakarta Utara,Prince Gadget Indonesia,0.0,6 ,0,Handphone
365,Xiaomi Redmi Note 13 8/128GB - Garansi Resmi,2460000,0,0,Jakarta Timur,ucell cempaka,0.0,0,0,Handphone
366,Xiaomi Redmi Note 13 8/128 GB Garansi Resmi,2790000,2230000,560000,Jakarta Pusat,Gudang-HP,5.0,30,1,Handphone
367,Xiaomi Redmi Note 13 Pro 5G 12/512GB Garansi Resmi,4999000,0,0,Denpasar,CELLULAR-WORLD,0.0,4 ,0,Handphone
368,Xiaomi Redmi Note 13 8/128GB android,2499000,2399000,100000,Semarang,Hape Joss,0.0,1 ,0,Handphone
369,XIAOMI REDMI NOTE 13 8/128 GB GARANSI RESMI SUPPORT NFC,2345000,0,0,Tangerang,angel 19,5.0,12 ,0,Handphone
370,Xiaomi 14 5G 12/256GB,11999000,11649000,350000,Tangerang,Myfon Teleshop Official,5.0,2 ,0,Handphone
371,XIAOMI REDMI NOTE 13 PRO 5G 12/512 GB RAM 12GB ROM 512GB GARANSI RESMI,5490000,4650000,840000,Bekasi,JJ SHOP PEDIA 2,0.0,0,0,Handphone
372,Xiaomi Redmi Note 13 Pro 5G Garansi Resmi Original 12/512 RAM 12GB ROM 512GB,4999000,0,0,Denpasar,Diamond Handphone Bali,5.0,3 ,0,Handphone
373,Xiaomi Redmi Note 13 Garansi Resmi Original 8/128 RAM 8GB ROM 128GB,2399000,0,0,Denpasar,Diamond Handphone Bali,5.0,8 ,0,Handphone
374,XIAOMI REDMI NOTE 13 5G 8/256GB,3199000,0,0,Cirebon,Tele Ring,0.0,0,0,Handphone
375,XIAOMI REDMI NOTE 13 PRO 4G 8/256GB,3799000,0,0,Cirebon,Tele Ring,0.0,0,0,Handphone
376,XIAOMI REDMI NOTE 13 4G 8/256GB,2799000,0,0,Cirebon,Tele Ring,0.0,0,0,Handphone
377,XIAOMI REDMI NOTE 13 8/128 GB RAM 8GB ROM 128GB GARANSI RESMI,2590000,2220000,370000,Bekasi,JJ SHOP PEDIA 2,0.0,3 ,0,Handphone
378,Xiaomi Redmi Note 13 8/128 GB - Garansi Resmi,2350000,0,0,Jakarta Timur,Wahana Selular,0.0,1 ,0,Handphone
379,Xiaomi Redmi Note 13 8/128 - Garansi Resmi,2499000,0,0,Surabaya,Peace Cell Marina Online,0.0,0,0,Handphone
380,XIAOMI REDMI NOTE 13 8/128 GB GARANSI RESMI TERMURAH,2599000,2443800,155200,Surabaya,Hapemall.id,4.3,13 ,0,Handphone
381,Xiaomi Redmi Note 13 Pro 5G 12/512 - Garansi Resmi Xiaomi Indonesia,4999000,0,0,Surabaya,Peace Cell Marina Online,0.0,0,0,Handphone
382,Xiaomi REDMI NOTE 13 PRO 5G 12/512GB - Garansi Resmi,4990000,4600000,390000,Jakarta Timur,Wahana Selular,5.0,14 ,0,Handphone
383,Xiaomi Redmi Note 13 4G 8/128GB,2399000,0,0,Cimahi,Atlantic Cellular,0.0,0,0,Handphone
384,XIAOMI REDMI NOTE 13 8/128 GB GARANSI RESMI XIAOMI NOTE 13 NFC 8/128 GB REDMI NOTE 13 ,3190000,2220000,970000,Tangerang,STR-STORE,5.0,25 ,0,Handphone
385,Xiaomi Redmi Note 13 4G 8GB/128GB Garansi Resmi Xiaomi Indonesia,2399000,0,0,Medan,INTIKOM STORE,5.0,4 ,0,Handphone
386,Xiaomi 14 12/256 NFC 5G Garansi Resmi,11530000,0,0,Jakarta Pusat,ACS,0.0,0,0,Handphone
387,"Xiaomi Redmi Note 13 Pro 5G (Ram 12GB, Rom 512GB, AMOLED 120Hz)",4999000,0,0,Malang,TIGA PUTRA HP CENTER,5.0,2 ,0,Handphone
388,Xiaomi Redmi Note 13 5G 8/128GB Garansi resmi 1 Tahun,3399000,0,0,Jakarta Barat,36shop,0.0,0,0,Handphone
389,Xiaomi Redmi Note 13 4G 8/128GB Garansi Resmi 1 Tahun,2999000,0,0,Jakarta Barat,36shop,0.0,0,0,Handphone
390,Xiaomi Redmi Note 13 Pro 5G [8GB/ 256GB/ Garansi Resmi],4649000,0,0,Jakarta Barat,FONEL,0.0,0,0,Handphone
391,Xiaomi 14 12/256GB 5G | Xiaomi mi 14 256GB AMOLED Camera LEICA Optical Lens Garansi Resmi,11789000,0,0,Jakarta Pusat,Doran Gadget Bali,0.0,2 ,0,Handphone
392,Xiaomi Redmi Note 13 Pro [8GB/ 256GB/ Garansi Resmi],3799000,0,0,Jakarta Barat,FONEL,0.0,0,0,Handphone
393,Xiaomi Redmi Note 13 8/128 GB Garansi Resmi 8 128 GB not 5G,3090000,2310000,780000,Jakarta Pusat,Digitalisme,5.0,100,1,Handphone
394,Xiaomi Redmi Note 13 5G/4G 8/256Gb Garansi Resmi Tam,3390000,2220000,1170000,Jakarta Selatan,Ini Toko Budi,5.0,40,1,Handphone
395,XIAOMI REDMI NOTE 13 PRO 13PRO 4G 5G 8/256 12/512Ram 8GB 12GB Internal 256GB 512GB Garansi Resmi,3670000,0,0,Jakarta Pusat,Kreasindo Online,5.0,4 ,0,Handphone
396,HANDPHONE XIAOMI REDMI NOTE 13 5G 8/256GB GARANSI RESMI,4500000,0,0,Palembang,MULTIKOM ID,0.0,0,0,Handphone
397,HANDPHONE XIAOMI REDMI A3 4/128GB GARANSI RESMI,1300000,0,0,Palembang,MULTIKOM ID,0.0,0,0,Handphone
398,HANDPHONE XIAOMI REDMI 13C 8/256GB GARANSI RESMI,1900000,0,0,Palembang,MULTIKOM ID,0.0,0,0,Handphone
399,Xiaomi Redmi Note 13 [ 8GB /  128GB ] Smartphone - Garansi Resmi,2499000,0,0,Jakarta Pusat,Gadhet-Holic,0.0,0,0,Handphone
400,HANDPHONE XIAOMI REDMI 13C 6/128GB GARANSI RESMI,1600000,0,0,Palembang,MULTIKOM ID,0.0,0,0,Handphone
401,XIAOMI REDMI NOTE 13 4G 5G 8/128 8/256 Ram 8GB Internal 128GB 256GB Resmi,2340000,0,0,Jakarta Pusat,Kreasindo Online,5.0,3 ,0,Handphone
402,HANDPHONE XIAOMI REDMI 12 8/128GB GARANSI RESMI,1900000,0,0,Palembang,MULTIKOM ID,0.0,0,0,Handphone
403,Xiaomi Redmi Note 13 Pro 5G RAM 12/512GB Garansi Resmi,4999000,0,0,Bandung,Rajaponsel Official,5.0,2 ,0,Handphone
404,Xiaomi Redmi Note 13 Pro 5G 12/512 GB - Garansi Resmi Xiaomi Indonesia,4990000,4610000,380000,Jakarta Utara,Universe Store,5.0,40,1,Handphone
405,Redmi Note 13 8/128 GB - Garansi Resmi Xiaomi Indonesia,2490000,2230000,260000,Jakarta Utara,Universe Store,5.0,24 ,0,Handphone
406,Xiaomi 14 12/256GB Snapdragon 8 Gen 3 | Garansi Resmi ,12999000,11952000,1047000,Tangerang,Ceria Ponsel Official,0.0,0,0,Handphone
407,"Xiaomi 14 12/256GB, Snapdragon 8 Gen 3 Leica 75mm Light Fusion 900 image sensor | Garansi Resmi Xiaomi",12900000,11900000,1000000,Tangerang,Evogad Official,0.0,0,0,Handphone
